format,attribute,count
CycloneDX,stars,453000
CycloneDX,stars,318000
CycloneDX,stars,187000
CycloneDX,stars,158000
CycloneDX,stars,142000
CycloneDX,stars,132000
CycloneDX,stars,127000
CycloneDX,stars,122000
CycloneDX,stars,107000
CycloneDX,stars,103000
CycloneDX,stars,101000
CycloneDX,stars,87000
CycloneDX,stars,65000
CycloneDX,stars,63000
CycloneDX,stars,59000
CycloneDX,stars,53000
CycloneDX,stars,48000
CycloneDX,stars,47000
CycloneDX,stars,46000
CycloneDX,stars,43000
CycloneDX,stars,34000
CycloneDX,stars,34000
CycloneDX,stars,33000
CycloneDX,stars,27000
CycloneDX,stars,25000
CycloneDX,stars,23000
CycloneDX,stars,19000
CycloneDX,stars,15000
CycloneDX,stars,13000
CycloneDX,stars,12000
CycloneDX,stars,12000
CycloneDX,stars,12000
CycloneDX,stars,12000
CycloneDX,stars,12000
CycloneDX,stars,11000
CycloneDX,stars,3000
CycloneDX,stars,2000
CycloneDX,stars,2000
CycloneDX,stars,1000
CycloneDX,stars,892
CycloneDX,stars,890
CycloneDX,stars,889
CycloneDX,stars,873
CycloneDX,stars,841
CycloneDX,stars,835
CycloneDX,stars,822
CycloneDX,stars,794
CycloneDX,stars,741
CycloneDX,stars,695
CycloneDX,stars,661
CycloneDX,stars,609
CycloneDX,stars,567
CycloneDX,stars,534
CycloneDX,stars,525
CycloneDX,stars,500
CycloneDX,stars,482
CycloneDX,stars,479
CycloneDX,stars,474
CycloneDX,stars,454
CycloneDX,stars,454
CycloneDX,stars,430
CycloneDX,stars,425
CycloneDX,stars,366
CycloneDX,stars,366
CycloneDX,stars,354
CycloneDX,stars,333
CycloneDX,stars,303
CycloneDX,stars,276
CycloneDX,stars,274
CycloneDX,stars,272
CycloneDX,stars,267
CycloneDX,stars,258
CycloneDX,stars,252
CycloneDX,stars,238
CycloneDX,stars,229
CycloneDX,stars,229
CycloneDX,stars,222
CycloneDX,stars,221
CycloneDX,stars,216
CycloneDX,stars,216
CycloneDX,stars,210
CycloneDX,stars,205
CycloneDX,stars,191
CycloneDX,stars,179
CycloneDX,stars,179
CycloneDX,stars,175
CycloneDX,stars,173
CycloneDX,stars,155
CycloneDX,stars,149
CycloneDX,stars,148
CycloneDX,stars,148
CycloneDX,stars,145
CycloneDX,stars,144
CycloneDX,stars,144
CycloneDX,stars,143
CycloneDX,stars,142
CycloneDX,stars,132
CycloneDX,stars,130
CycloneDX,stars,130
CycloneDX,stars,129
CycloneDX,stars,122
CycloneDX,stars,120
CycloneDX,stars,118
CycloneDX,stars,115
CycloneDX,stars,114
CycloneDX,stars,111
CycloneDX,stars,109
CycloneDX,stars,106
CycloneDX,stars,102
CycloneDX,stars,102
CycloneDX,stars,97
CycloneDX,stars,97
CycloneDX,stars,96
CycloneDX,stars,95
CycloneDX,stars,93
CycloneDX,stars,89
CycloneDX,stars,88
CycloneDX,stars,87
CycloneDX,stars,87
CycloneDX,stars,87
CycloneDX,stars,87
CycloneDX,stars,87
CycloneDX,stars,86
CycloneDX,stars,85
CycloneDX,stars,83
CycloneDX,stars,77
CycloneDX,stars,74
CycloneDX,stars,74
CycloneDX,stars,74
CycloneDX,stars,72
CycloneDX,stars,71
CycloneDX,stars,71
CycloneDX,stars,70
CycloneDX,stars,68
CycloneDX,stars,67
CycloneDX,stars,66
CycloneDX,stars,65
CycloneDX,stars,65
CycloneDX,stars,63
CycloneDX,stars,63
CycloneDX,stars,61
CycloneDX,stars,59
CycloneDX,stars,59
CycloneDX,stars,58
CycloneDX,stars,58
CycloneDX,stars,57
CycloneDX,stars,54
CycloneDX,stars,54
CycloneDX,stars,53
CycloneDX,stars,52
CycloneDX,stars,51
CycloneDX,stars,51
CycloneDX,stars,50
CycloneDX,stars,49
CycloneDX,stars,48
CycloneDX,stars,47
CycloneDX,stars,46
CycloneDX,stars,46
CycloneDX,stars,45
CycloneDX,stars,43
CycloneDX,stars,42
CycloneDX,stars,40
CycloneDX,stars,40
CycloneDX,stars,39
CycloneDX,stars,38
CycloneDX,stars,38
CycloneDX,stars,37
CycloneDX,stars,36
CycloneDX,stars,36
CycloneDX,stars,35
CycloneDX,stars,35
CycloneDX,stars,35
CycloneDX,stars,34
CycloneDX,stars,33
CycloneDX,stars,33
CycloneDX,stars,33
CycloneDX,stars,31
CycloneDX,stars,30
CycloneDX,stars,29
CycloneDX,stars,29
CycloneDX,stars,29
CycloneDX,stars,28
CycloneDX,stars,28
CycloneDX,stars,27
CycloneDX,stars,27
CycloneDX,stars,27
CycloneDX,stars,26
CycloneDX,stars,26
CycloneDX,stars,26
CycloneDX,stars,25
CycloneDX,stars,24
CycloneDX,stars,24
CycloneDX,stars,24
CycloneDX,stars,24
CycloneDX,stars,24
CycloneDX,stars,24
CycloneDX,stars,23
CycloneDX,stars,23
CycloneDX,stars,22
CycloneDX,stars,22
CycloneDX,stars,22
CycloneDX,stars,22
CycloneDX,stars,22
CycloneDX,stars,22
CycloneDX,stars,21
CycloneDX,stars,21
CycloneDX,stars,21
CycloneDX,stars,21
CycloneDX,stars,20
CycloneDX,stars,20
CycloneDX,stars,20
CycloneDX,stars,20
CycloneDX,stars,19
CycloneDX,stars,19
CycloneDX,stars,19
CycloneDX,stars,19
CycloneDX,stars,18
CycloneDX,stars,18
CycloneDX,stars,18
CycloneDX,stars,18
CycloneDX,stars,17
CycloneDX,stars,17
CycloneDX,stars,17
CycloneDX,stars,16
CycloneDX,stars,16
CycloneDX,stars,16
CycloneDX,stars,16
CycloneDX,stars,15
CycloneDX,stars,15
CycloneDX,stars,15
CycloneDX,stars,15
CycloneDX,stars,15
CycloneDX,stars,15
CycloneDX,stars,14
CycloneDX,stars,14
CycloneDX,stars,14
CycloneDX,stars,14
CycloneDX,stars,14
CycloneDX,stars,14
CycloneDX,stars,14
CycloneDX,stars,14
CycloneDX,stars,13
CycloneDX,stars,13
CycloneDX,stars,13
CycloneDX,stars,13
CycloneDX,stars,13
CycloneDX,stars,13
CycloneDX,stars,12
CycloneDX,stars,12
CycloneDX,stars,12
CycloneDX,watchers,663
CycloneDX,watchers,764
CycloneDX,watchers,163
CycloneDX,watchers,527
CycloneDX,watchers,192
CycloneDX,watchers,270
CycloneDX,watchers,299
CycloneDX,watchers,397
CycloneDX,watchers,147
CycloneDX,watchers,329
CycloneDX,watchers,209
CycloneDX,watchers,151
CycloneDX,watchers,70
CycloneDX,watchers,44
CycloneDX,watchers,58
CycloneDX,watchers,59
CycloneDX,watchers,162
CycloneDX,watchers,57
CycloneDX,watchers,165
CycloneDX,watchers,93
CycloneDX,watchers,67
CycloneDX,watchers,256
CycloneDX,watchers,125
CycloneDX,watchers,27
CycloneDX,watchers,34
CycloneDX,watchers,488
CycloneDX,watchers,69
CycloneDX,watchers,14
CycloneDX,watchers,42
CycloneDX,watchers,54
CycloneDX,watchers,15
CycloneDX,watchers,21
CycloneDX,watchers,33
CycloneDX,watchers,19
CycloneDX,watchers,28
CycloneDX,watchers,209
CycloneDX,watchers,18
CycloneDX,watchers,40
CycloneDX,watchers,44
CycloneDX,watchers,30
CycloneDX,watchers,152
CycloneDX,watchers,14
CycloneDX,watchers,116
CycloneDX,watchers,11
CycloneDX,watchers,23
CycloneDX,watchers,14
CycloneDX,watchers,58
CycloneDX,watchers,40
CycloneDX,watchers,8
CycloneDX,watchers,11
CycloneDX,watchers,18
CycloneDX,watchers,8
CycloneDX,watchers,15
CycloneDX,watchers,36
CycloneDX,watchers,10
CycloneDX,watchers,63
CycloneDX,watchers,36
CycloneDX,watchers,55
CycloneDX,watchers,10
CycloneDX,watchers,87
CycloneDX,watchers,69
CycloneDX,watchers,8
CycloneDX,watchers,7
CycloneDX,watchers,14
CycloneDX,watchers,5
CycloneDX,watchers,33
CycloneDX,watchers,9
CycloneDX,watchers,8
CycloneDX,watchers,28
CycloneDX,watchers,26
CycloneDX,watchers,23
CycloneDX,watchers,45
CycloneDX,watchers,19
CycloneDX,watchers,30
CycloneDX,watchers,14
CycloneDX,watchers,16
CycloneDX,watchers,8
CycloneDX,watchers,30
CycloneDX,watchers,3
CycloneDX,watchers,4
CycloneDX,watchers,5
CycloneDX,watchers,9
CycloneDX,watchers,7
CycloneDX,watchers,8
CycloneDX,watchers,54
CycloneDX,watchers,24
CycloneDX,watchers,11
CycloneDX,watchers,15
CycloneDX,watchers,1
CycloneDX,watchers,18
CycloneDX,watchers,27
CycloneDX,watchers,5
CycloneDX,watchers,14
CycloneDX,watchers,53
CycloneDX,watchers,8
CycloneDX,watchers,8
CycloneDX,watchers,11
CycloneDX,watchers,25
CycloneDX,watchers,16
CycloneDX,watchers,28
CycloneDX,watchers,41
CycloneDX,watchers,11
CycloneDX,watchers,8
CycloneDX,watchers,9
CycloneDX,watchers,8
CycloneDX,watchers,5
CycloneDX,watchers,3
CycloneDX,watchers,15
CycloneDX,watchers,2
CycloneDX,watchers,7
CycloneDX,watchers,451
CycloneDX,watchers,7
CycloneDX,watchers,9
CycloneDX,watchers,10
CycloneDX,watchers,10
CycloneDX,watchers,8
CycloneDX,watchers,7
CycloneDX,watchers,3
CycloneDX,watchers,22
CycloneDX,watchers,12
CycloneDX,watchers,3
CycloneDX,watchers,7
CycloneDX,watchers,27
CycloneDX,watchers,27
CycloneDX,watchers,10
CycloneDX,watchers,9
CycloneDX,watchers,4
CycloneDX,watchers,11
CycloneDX,watchers,13
CycloneDX,watchers,5
CycloneDX,watchers,0
CycloneDX,watchers,5
CycloneDX,watchers,7
CycloneDX,watchers,3
CycloneDX,watchers,4
CycloneDX,watchers,31
CycloneDX,watchers,1
CycloneDX,watchers,6
CycloneDX,watchers,1
CycloneDX,watchers,11
CycloneDX,watchers,10
CycloneDX,watchers,7
CycloneDX,watchers,8
CycloneDX,watchers,12
CycloneDX,watchers,6
CycloneDX,watchers,6
CycloneDX,watchers,6
CycloneDX,watchers,4
CycloneDX,watchers,4
CycloneDX,watchers,3
CycloneDX,watchers,22
CycloneDX,watchers,2
CycloneDX,watchers,8
CycloneDX,watchers,7
CycloneDX,watchers,1
CycloneDX,watchers,2
CycloneDX,watchers,14
CycloneDX,watchers,5
CycloneDX,watchers,76
CycloneDX,watchers,3
CycloneDX,watchers,4
CycloneDX,watchers,34
CycloneDX,watchers,5
CycloneDX,watchers,17
CycloneDX,watchers,5
CycloneDX,watchers,6
CycloneDX,watchers,4
CycloneDX,watchers,4
CycloneDX,watchers,7
CycloneDX,watchers,6
CycloneDX,watchers,4
CycloneDX,watchers,11
CycloneDX,watchers,2
CycloneDX,watchers,11
CycloneDX,watchers,5
CycloneDX,watchers,2
CycloneDX,watchers,8
CycloneDX,watchers,6
CycloneDX,watchers,7
CycloneDX,watchers,30
CycloneDX,watchers,4
CycloneDX,watchers,5
CycloneDX,watchers,5
CycloneDX,watchers,6
CycloneDX,watchers,4
CycloneDX,watchers,3
CycloneDX,watchers,9
CycloneDX,watchers,3
CycloneDX,watchers,5
CycloneDX,watchers,4
CycloneDX,watchers,5
CycloneDX,watchers,3
CycloneDX,watchers,1
CycloneDX,watchers,32
CycloneDX,watchers,10
CycloneDX,watchers,2
CycloneDX,watchers,6
CycloneDX,watchers,2
CycloneDX,watchers,5
CycloneDX,watchers,3
CycloneDX,watchers,4
CycloneDX,watchers,35
CycloneDX,watchers,5
CycloneDX,watchers,1
CycloneDX,watchers,4
CycloneDX,watchers,4
CycloneDX,watchers,3
CycloneDX,watchers,6
CycloneDX,watchers,6
CycloneDX,watchers,3
CycloneDX,watchers,5
CycloneDX,watchers,31
CycloneDX,watchers,3
CycloneDX,watchers,11
CycloneDX,watchers,1
CycloneDX,watchers,5
CycloneDX,watchers,10
CycloneDX,watchers,5
CycloneDX,watchers,5
CycloneDX,watchers,4
CycloneDX,watchers,4
CycloneDX,watchers,11
CycloneDX,watchers,3
CycloneDX,watchers,4
CycloneDX,watchers,6
CycloneDX,watchers,3
CycloneDX,watchers,12
CycloneDX,watchers,2
CycloneDX,watchers,18
CycloneDX,watchers,3
CycloneDX,watchers,7
CycloneDX,watchers,4
CycloneDX,watchers,4
CycloneDX,watchers,7
CycloneDX,watchers,9
CycloneDX,watchers,11
CycloneDX,watchers,3
CycloneDX,watchers,5
CycloneDX,watchers,7
CycloneDX,watchers,2
CycloneDX,watchers,24
CycloneDX,watchers,1
CycloneDX,watchers,4
CycloneDX,watchers,4
CycloneDX,watchers,1
CycloneDX,watchers,6
CycloneDX,watchers,1
CycloneDX,watchers,3
CycloneDX,watchers,6
CycloneDX,watchers,2
CycloneDX,forks,295000
CycloneDX,forks,129000
CycloneDX,forks,19000
CycloneDX,forks,5000
CycloneDX,forks,16000
CycloneDX,forks,106000
CycloneDX,forks,118000
CycloneDX,forks,21000
CycloneDX,forks,19000
CycloneDX,forks,11000
CycloneDX,forks,18000
CycloneDX,forks,78000
CycloneDX,forks,445
CycloneDX,forks,382
CycloneDX,forks,956
CycloneDX,forks,283
CycloneDX,forks,21000
CycloneDX,forks,435
CycloneDX,forks,578
CycloneDX,forks,405
CycloneDX,forks,450
CycloneDX,forks,12000
CycloneDX,forks,881
CycloneDX,forks,283
CycloneDX,forks,14000
CycloneDX,forks,11000
CycloneDX,forks,454
CycloneDX,forks,192
CycloneDX,forks,260
CycloneDX,forks,167
CycloneDX,forks,58
CycloneDX,forks,119
CycloneDX,forks,800
CycloneDX,forks,210
CycloneDX,forks,134
CycloneDX,forks,14000
CycloneDX,forks,120
CycloneDX,forks,186
CycloneDX,forks,126
CycloneDX,forks,187
CycloneDX,forks,284
CycloneDX,forks,152
CycloneDX,forks,671
CycloneDX,forks,71
CycloneDX,forks,59
CycloneDX,forks,96
CycloneDX,forks,321
CycloneDX,forks,569
CycloneDX,forks,135
CycloneDX,forks,58
CycloneDX,forks,542
CycloneDX,forks,290
CycloneDX,forks,92
CycloneDX,forks,43
CycloneDX,forks,93
CycloneDX,forks,199
CycloneDX,forks,165
CycloneDX,forks,75
CycloneDX,forks,27
CycloneDX,forks,508
CycloneDX,forks,538
CycloneDX,forks,33
CycloneDX,forks,9
CycloneDX,forks,40
CycloneDX,forks,28
CycloneDX,forks,277
CycloneDX,forks,90
CycloneDX,forks,31
CycloneDX,forks,151
CycloneDX,forks,47
CycloneDX,forks,45
CycloneDX,forks,210
CycloneDX,forks,76
CycloneDX,forks,47
CycloneDX,forks,36
CycloneDX,forks,121
CycloneDX,forks,20
CycloneDX,forks,63
CycloneDX,forks,21
CycloneDX,forks,9
CycloneDX,forks,10
CycloneDX,forks,51
CycloneDX,forks,11
CycloneDX,forks,22
CycloneDX,forks,153
CycloneDX,forks,24
CycloneDX,forks,39
CycloneDX,forks,59
CycloneDX,forks,81
CycloneDX,forks,18
CycloneDX,forks,50
CycloneDX,forks,18
CycloneDX,forks,78
CycloneDX,forks,152
CycloneDX,forks,36
CycloneDX,forks,18
CycloneDX,forks,69
CycloneDX,forks,89
CycloneDX,forks,25
CycloneDX,forks,105
CycloneDX,forks,114
CycloneDX,forks,49
CycloneDX,forks,20
CycloneDX,forks,82
CycloneDX,forks,37
CycloneDX,forks,10
CycloneDX,forks,24
CycloneDX,forks,69
CycloneDX,forks,3
CycloneDX,forks,19
CycloneDX,forks,43
CycloneDX,forks,52
CycloneDX,forks,31
CycloneDX,forks,38
CycloneDX,forks,4
CycloneDX,forks,26
CycloneDX,forks,10
CycloneDX,forks,5
CycloneDX,forks,39
CycloneDX,forks,6
CycloneDX,forks,13
CycloneDX,forks,13
CycloneDX,forks,172
CycloneDX,forks,120
CycloneDX,forks,60
CycloneDX,forks,35
CycloneDX,forks,1
CycloneDX,forks,5
CycloneDX,forks,12
CycloneDX,forks,4
CycloneDX,forks,5
CycloneDX,forks,15
CycloneDX,forks,15
CycloneDX,forks,28
CycloneDX,forks,9
CycloneDX,forks,52
CycloneDX,forks,1
CycloneDX,forks,23
CycloneDX,forks,55
CycloneDX,forks,103
CycloneDX,forks,19
CycloneDX,forks,11
CycloneDX,forks,18
CycloneDX,forks,15
CycloneDX,forks,34
CycloneDX,forks,15
CycloneDX,forks,12
CycloneDX,forks,7
CycloneDX,forks,11
CycloneDX,forks,0
CycloneDX,forks,43
CycloneDX,forks,4
CycloneDX,forks,33
CycloneDX,forks,15
CycloneDX,forks,2
CycloneDX,forks,17
CycloneDX,forks,31
CycloneDX,forks,26
CycloneDX,forks,76
CycloneDX,forks,1
CycloneDX,forks,19
CycloneDX,forks,34
CycloneDX,forks,7
CycloneDX,forks,22
CycloneDX,forks,15
CycloneDX,forks,6
CycloneDX,forks,11
CycloneDX,forks,4
CycloneDX,forks,6
CycloneDX,forks,13
CycloneDX,forks,33
CycloneDX,forks,11
CycloneDX,forks,11
CycloneDX,forks,5
CycloneDX,forks,3
CycloneDX,forks,21
CycloneDX,forks,11
CycloneDX,forks,1
CycloneDX,forks,8
CycloneDX,forks,46
CycloneDX,forks,55
CycloneDX,forks,11
CycloneDX,forks,4
CycloneDX,forks,5
CycloneDX,forks,13
CycloneDX,forks,2
CycloneDX,forks,8
CycloneDX,forks,16
CycloneDX,forks,32
CycloneDX,forks,2
CycloneDX,forks,10
CycloneDX,forks,13
CycloneDX,forks,3
CycloneDX,forks,27
CycloneDX,forks,12
CycloneDX,forks,2
CycloneDX,forks,5
CycloneDX,forks,11
CycloneDX,forks,4
CycloneDX,forks,1
CycloneDX,forks,8
CycloneDX,forks,42
CycloneDX,forks,0
CycloneDX,forks,4
CycloneDX,forks,2
CycloneDX,forks,0
CycloneDX,forks,16
CycloneDX,forks,10
CycloneDX,forks,12
CycloneDX,forks,1
CycloneDX,forks,10
CycloneDX,forks,16
CycloneDX,forks,2
CycloneDX,forks,21
CycloneDX,forks,2
CycloneDX,forks,14
CycloneDX,forks,10
CycloneDX,forks,5
CycloneDX,forks,15
CycloneDX,forks,4
CycloneDX,forks,4
CycloneDX,forks,7
CycloneDX,forks,3
CycloneDX,forks,3
CycloneDX,forks,13
CycloneDX,forks,0
CycloneDX,forks,10
CycloneDX,forks,0
CycloneDX,forks,0
CycloneDX,forks,2
CycloneDX,forks,16
CycloneDX,forks,5
CycloneDX,forks,3
CycloneDX,forks,3
CycloneDX,forks,19
CycloneDX,forks,16
CycloneDX,forks,6
CycloneDX,forks,6
CycloneDX,forks,7
CycloneDX,forks,2
CycloneDX,forks,18
CycloneDX,forks,9
CycloneDX,forks,4
CycloneDX,forks,11
CycloneDX,forks,1
CycloneDX,forks,5
CycloneDX,forks,2
CycloneDX,forks,2
CycloneDX,forks,17
CycloneDX,forks,1
CycloneDX,releases,70.0
CycloneDX,releases,126.0
CycloneDX,releases,170.0
CycloneDX,releases,325.0
CycloneDX,releases,170.0
CycloneDX,releases,98.0
CycloneDX,releases,17.0
CycloneDX,releases,202.0
CycloneDX,releases,107.0
CycloneDX,releases,28.0
CycloneDX,releases,1742.0
CycloneDX,releases,13.0
CycloneDX,releases,151.0
CycloneDX,releases,1667.0
CycloneDX,releases,58.0
CycloneDX,releases,2148.0
CycloneDX,releases,68.0
CycloneDX,releases,162.0
CycloneDX,releases,47.0
CycloneDX,releases,137.0
CycloneDX,releases,3.0
CycloneDX,releases,10.0
CycloneDX,releases,43.0
CycloneDX,releases,16.0
CycloneDX,releases,1.0
CycloneDX,releases,61.0
CycloneDX,releases,135.0
CycloneDX,releases,5.0
CycloneDX,releases,14.0
CycloneDX,releases,5.0
CycloneDX,releases,23.0
CycloneDX,releases,13.0
CycloneDX,releases,99.0
CycloneDX,releases,53.0
CycloneDX,releases,28.0
CycloneDX,releases,79.0
CycloneDX,releases,328.0
CycloneDX,releases,88.0
CycloneDX,releases,11.0
CycloneDX,releases,75.0
CycloneDX,releases,14.0
CycloneDX,releases,125.0
CycloneDX,releases,235.0
CycloneDX,releases,656.0
CycloneDX,releases,19.0
CycloneDX,releases,23.0
CycloneDX,releases,54.0
CycloneDX,releases,15.0
CycloneDX,releases,15.0
CycloneDX,releases,262.0
CycloneDX,releases,238.0
CycloneDX,releases,43.0
CycloneDX,releases,4.0
CycloneDX,releases,11.0
CycloneDX,releases,25.0
CycloneDX,releases,2.0
CycloneDX,releases,73.0
CycloneDX,releases,72.0
CycloneDX,releases,164.0
CycloneDX,releases,13.0
CycloneDX,releases,15.0
CycloneDX,releases,36.0
CycloneDX,releases,22.0
CycloneDX,releases,44.0
CycloneDX,releases,9.0
CycloneDX,releases,7.0
CycloneDX,releases,286.0
CycloneDX,releases,48.0
CycloneDX,releases,114.0
CycloneDX,releases,50.0
CycloneDX,releases,20.0
CycloneDX,releases,23.0
CycloneDX,releases,97.0
CycloneDX,releases,16.0
CycloneDX,releases,70.0
CycloneDX,releases,34.0
CycloneDX,releases,193.0
CycloneDX,releases,15.0
CycloneDX,releases,13.0
CycloneDX,releases,33.0
CycloneDX,releases,122.0
CycloneDX,releases,33.0
CycloneDX,releases,161.0
CycloneDX,releases,33.0
CycloneDX,releases,38.0
CycloneDX,releases,12.0
CycloneDX,releases,22.0
CycloneDX,releases,110.0
CycloneDX,releases,21.0
CycloneDX,releases,14.0
CycloneDX,releases,17.0
CycloneDX,releases,12.0
CycloneDX,releases,6.0
CycloneDX,releases,121.0
CycloneDX,releases,46.0
CycloneDX,releases,11.0
CycloneDX,releases,18.0
CycloneDX,releases,7.0
CycloneDX,releases,18.0
CycloneDX,releases,1.0
CycloneDX,releases,1.0
CycloneDX,releases,1.0
CycloneDX,releases,9.0
CycloneDX,releases,11.0
CycloneDX,releases,395.0
CycloneDX,releases,15.0
CycloneDX,releases,16.0
CycloneDX,releases,12.0
CycloneDX,releases,5.0
CycloneDX,releases,10.0
CycloneDX,releases,6.0
CycloneDX,releases,4.0
CycloneDX,releases,60.0
CycloneDX,releases,79.0
CycloneDX,releases,61.0
CycloneDX,releases,47.0
CycloneDX,releases,11.0
CycloneDX,releases,1.0
CycloneDX,releases,6.0
CycloneDX,releases,80.0
CycloneDX,releases,1.0
CycloneDX,releases,1.0
CycloneDX,releases,20.0
CycloneDX,releases,32.0
CycloneDX,releases,6.0
CycloneDX,releases,7.0
CycloneDX,releases,101.0
CycloneDX,releases,182.0
CycloneDX,releases,12.0
CycloneDX,releases,5.0
CycloneDX,releases,3.0
CycloneDX,releases,9.0
CycloneDX,releases,2.0
CycloneDX,releases,70.0
CycloneDX,releases,20.0
CycloneDX,releases,18.0
CycloneDX,releases,2.0
CycloneDX,releases,18.0
CycloneDX,releases,5.0
CycloneDX,releases,5.0
CycloneDX,releases,22.0
CycloneDX,releases,21.0
CycloneDX,releases,4.0
CycloneDX,releases,32.0
CycloneDX,releases,24.0
CycloneDX,releases,10.0
CycloneDX,releases,6.0
CycloneDX,releases,17.0
CycloneDX,releases,11.0
CycloneDX,releases,2.0
CycloneDX,releases,9.0
CycloneDX,releases,14.0
CycloneDX,releases,6.0
CycloneDX,releases,3859.0
CycloneDX,releases,2.0
CycloneDX,releases,4.0
CycloneDX,releases,1.0
CycloneDX,releases,90.0
CycloneDX,releases,5.0
CycloneDX,releases,9.0
CycloneDX,releases,9.0
CycloneDX,releases,10.0
CycloneDX,releases,15.0
CycloneDX,releases,32.0
CycloneDX,releases,8.0
CycloneDX,releases,6.0
CycloneDX,releases,350.0
CycloneDX,releases,4.0
CycloneDX,releases,6.0
CycloneDX,releases,5.0
CycloneDX,releases,2.0
CycloneDX,usedBy,216000
CycloneDX,usedBy,75000
CycloneDX,usedBy,1
CycloneDX,usedBy,35
CycloneDX,usedBy,18
CycloneDX,usedBy,372
CycloneDX,usedBy,11
CycloneDX,usedBy,48
CycloneDX,usedBy,307
CycloneDX,usedBy,358
CycloneDX,usedBy,56
CycloneDX,usedBy,268000
CycloneDX,usedBy,24
CycloneDX,usedBy,335
CycloneDX,usedBy,784000
CycloneDX,usedBy,18
CycloneDX,usedBy,36
CycloneDX,usedBy,722
CycloneDX,usedBy,1
CycloneDX,usedBy,10
CycloneDX,usedBy,5
CycloneDX,usedBy,20
CycloneDX,usedBy,3
CycloneDX,usedBy,7
CycloneDX,usedBy,1
CycloneDX,usedBy,22
CycloneDX,usedBy,6
CycloneDX,usedBy,79000
CycloneDX,usedBy,4
CycloneDX,usedBy,16000
CycloneDX,usedBy,10
CycloneDX,usedBy,2
CycloneDX,usedBy,23000
CycloneDX,usedBy,19
CycloneDX,usedBy,2
CycloneDX,usedBy,635
CycloneDX,usedBy,4
CycloneDX,usedBy,489
CycloneDX,usedBy,1
CycloneDX,usedBy,3
CycloneDX,usedBy,4
CycloneDX,usedBy,6
CycloneDX,usedBy,1
CycloneDX,usedBy,2
CycloneDX,usedBy,1
CycloneDX,usedBy,12
CycloneDX,usedBy,1
CycloneDX,usedBy,2
CycloneDX,usedBy,19
CycloneDX,contributors,5000
CycloneDX,contributors,2619
CycloneDX,contributors,333
CycloneDX,contributors,954
CycloneDX,contributors,401
CycloneDX,contributors,5000
CycloneDX,contributors,5000
CycloneDX,contributors,113
CycloneDX,contributors,404
CycloneDX,contributors,119
CycloneDX,contributors,71
CycloneDX,contributors,110
CycloneDX,contributors,71
CycloneDX,contributors,78
CycloneDX,contributors,322
CycloneDX,contributors,42
CycloneDX,contributors,1043
CycloneDX,contributors,120
CycloneDX,contributors,219
CycloneDX,contributors,91
CycloneDX,contributors,88
CycloneDX,contributors,329
CycloneDX,contributors,26
CycloneDX,contributors,92
CycloneDX,contributors,1183
CycloneDX,contributors,457
CycloneDX,contributors,92
CycloneDX,contributors,98
CycloneDX,contributors,74
CycloneDX,contributors,17
CycloneDX,contributors,6
CycloneDX,contributors,678
CycloneDX,contributors,154
CycloneDX,contributors,29
CycloneDX,contributors,366
CycloneDX,contributors,58
CycloneDX,contributors,11
CycloneDX,contributors,44
CycloneDX,contributors,65
CycloneDX,contributors,6
CycloneDX,contributors,49
CycloneDX,contributors,718
CycloneDX,contributors,34
CycloneDX,contributors,25
CycloneDX,contributors,64
CycloneDX,contributors,107
CycloneDX,contributors,182
CycloneDX,contributors,74
CycloneDX,contributors,15
CycloneDX,contributors,180
CycloneDX,contributors,202
CycloneDX,contributors,39
CycloneDX,contributors,21
CycloneDX,contributors,64
CycloneDX,contributors,61
CycloneDX,contributors,22
CycloneDX,contributors,50
CycloneDX,contributors,3
CycloneDX,contributors,175
CycloneDX,contributors,671
CycloneDX,contributors,22
CycloneDX,contributors,6
CycloneDX,contributors,11
CycloneDX,contributors,29
CycloneDX,contributors,21
CycloneDX,contributors,15
CycloneDX,contributors,41
CycloneDX,contributors,11
CycloneDX,contributors,18
CycloneDX,contributors,39
CycloneDX,contributors,18
CycloneDX,contributors,25
CycloneDX,contributors,69
CycloneDX,contributors,13
CycloneDX,contributors,31
CycloneDX,contributors,13
CycloneDX,contributors,7
CycloneDX,contributors,11
CycloneDX,contributors,11
CycloneDX,contributors,7
CycloneDX,contributors,6
CycloneDX,contributors,25
CycloneDX,contributors,29
CycloneDX,contributors,19
CycloneDX,contributors,30
CycloneDX,contributors,34
CycloneDX,contributors,3
CycloneDX,contributors,7
CycloneDX,contributors,5
CycloneDX,contributors,18
CycloneDX,contributors,72
CycloneDX,contributors,18
CycloneDX,contributors,4
CycloneDX,contributors,31
CycloneDX,contributors,34
CycloneDX,contributors,18
CycloneDX,contributors,8
CycloneDX,contributors,58
CycloneDX,contributors,5
CycloneDX,contributors,2
CycloneDX,contributors,15
CycloneDX,contributors,23
CycloneDX,contributors,7
CycloneDX,contributors,5
CycloneDX,contributors,5
CycloneDX,contributors,7
CycloneDX,contributors,92
CycloneDX,contributors,14
CycloneDX,contributors,7
CycloneDX,contributors,17
CycloneDX,contributors,7
CycloneDX,contributors,16
CycloneDX,contributors,21
CycloneDX,contributors,5
CycloneDX,contributors,14
CycloneDX,contributors,8
CycloneDX,contributors,7
CycloneDX,contributors,11
CycloneDX,contributors,157
CycloneDX,contributors,40
CycloneDX,contributors,36
CycloneDX,contributors,20
CycloneDX,contributors,3
CycloneDX,contributors,4
CycloneDX,contributors,6
CycloneDX,contributors,7
CycloneDX,contributors,11
CycloneDX,contributors,10
CycloneDX,contributors,22
CycloneDX,contributors,6
CycloneDX,contributors,45
CycloneDX,contributors,2
CycloneDX,contributors,3
CycloneDX,contributors,49
CycloneDX,contributors,39
CycloneDX,contributors,18
CycloneDX,contributors,5
CycloneDX,contributors,21
CycloneDX,contributors,12
CycloneDX,contributors,41
CycloneDX,contributors,3
CycloneDX,contributors,14
CycloneDX,contributors,5
CycloneDX,contributors,2
CycloneDX,contributors,657
CycloneDX,contributors,3
CycloneDX,contributors,14
CycloneDX,contributors,9
CycloneDX,contributors,13
CycloneDX,contributors,18
CycloneDX,contributors,21
CycloneDX,contributors,36
CycloneDX,contributors,2
CycloneDX,contributors,10
CycloneDX,contributors,37
CycloneDX,contributors,3
CycloneDX,contributors,25
CycloneDX,contributors,29
CycloneDX,contributors,3
CycloneDX,contributors,3
CycloneDX,contributors,2
CycloneDX,contributors,2
CycloneDX,contributors,8
CycloneDX,contributors,2
CycloneDX,contributors,18
CycloneDX,contributors,6
CycloneDX,contributors,3
CycloneDX,contributors,4
CycloneDX,contributors,2
CycloneDX,contributors,2
CycloneDX,contributors,56
CycloneDX,contributors,7
CycloneDX,contributors,700
CycloneDX,contributors,18
CycloneDX,contributors,4
CycloneDX,contributors,63
CycloneDX,contributors,10
CycloneDX,contributors,10
CycloneDX,contributors,8
CycloneDX,contributors,12
CycloneDX,contributors,4
CycloneDX,contributors,26
CycloneDX,contributors,19
CycloneDX,contributors,4
CycloneDX,contributors,3
CycloneDX,contributors,7
CycloneDX,contributors,6
CycloneDX,contributors,3
CycloneDX,contributors,8
CycloneDX,contributors,27
CycloneDX,contributors,7
CycloneDX,contributors,5
CycloneDX,contributors,5
CycloneDX,contributors,7
CycloneDX,contributors,11
CycloneDX,contributors,6
CycloneDX,contributors,6
CycloneDX,contributors,11
CycloneDX,contributors,2
CycloneDX,contributors,9
CycloneDX,contributors,5
CycloneDX,contributors,7
CycloneDX,contributors,3
CycloneDX,contributors,4
CycloneDX,contributors,9
CycloneDX,contributors,10
CycloneDX,contributors,3
CycloneDX,contributors,3
CycloneDX,contributors,21
CycloneDX,contributors,2
CycloneDX,contributors,2
CycloneDX,contributors,3
CycloneDX,contributors,11
CycloneDX,contributors,5
CycloneDX,contributors,3
CycloneDX,contributors,3
CycloneDX,contributors,14
CycloneDX,contributors,14
CycloneDX,contributors,5
CycloneDX,contributors,3
CycloneDX,contributors,9
CycloneDX,contributors,14
CycloneDX,contributors,2
CycloneDX,contributors,4
CycloneDX,contributors,2
CycloneDX,contributors,10
CycloneDX,contributors,2
CycloneDX,contributors,134
CycloneDX,openIssues,703
CycloneDX,openIssues,712
CycloneDX,openIssues,157
CycloneDX,openIssues,241
CycloneDX,openIssues,676
CycloneDX,openIssues,6973
CycloneDX,openIssues,27
CycloneDX,openIssues,202
CycloneDX,openIssues,158
CycloneDX,openIssues,62
CycloneDX,openIssues,128
CycloneDX,openIssues,9
CycloneDX,openIssues,209
CycloneDX,openIssues,50
CycloneDX,openIssues,111
CycloneDX,openIssues,61
CycloneDX,openIssues,36
CycloneDX,openIssues,256
CycloneDX,openIssues,101
CycloneDX,openIssues,136
CycloneDX,openIssues,36
CycloneDX,openIssues,197
CycloneDX,openIssues,68
CycloneDX,openIssues,28
CycloneDX,openIssues,51
CycloneDX,openIssues,545
CycloneDX,openIssues,584
CycloneDX,openIssues,48
CycloneDX,openIssues,287
CycloneDX,openIssues,25
CycloneDX,openIssues,32
CycloneDX,openIssues,0
CycloneDX,openIssues,36
CycloneDX,openIssues,70
CycloneDX,openIssues,17
CycloneDX,openIssues,330
CycloneDX,openIssues,60
CycloneDX,openIssues,18
CycloneDX,openIssues,102
CycloneDX,openIssues,49
CycloneDX,openIssues,7
CycloneDX,openIssues,167
CycloneDX,openIssues,20
CycloneDX,openIssues,65
CycloneDX,openIssues,50
CycloneDX,openIssues,69
CycloneDX,openIssues,160
CycloneDX,openIssues,20
CycloneDX,openIssues,60
CycloneDX,openIssues,16
CycloneDX,openIssues,20
CycloneDX,openIssues,122
CycloneDX,openIssues,117
CycloneDX,openIssues,94
CycloneDX,openIssues,64
CycloneDX,openIssues,429
CycloneDX,openIssues,40
CycloneDX,openIssues,75
CycloneDX,openIssues,0
CycloneDX,openIssues,71
CycloneDX,openIssues,31
CycloneDX,openIssues,10
CycloneDX,openIssues,2
CycloneDX,openIssues,0
CycloneDX,openIssues,14
CycloneDX,openIssues,29
CycloneDX,openIssues,127
CycloneDX,openIssues,1
CycloneDX,openIssues,6
CycloneDX,openIssues,69
CycloneDX,openIssues,22
CycloneDX,openIssues,73
CycloneDX,openIssues,20
CycloneDX,openIssues,37
CycloneDX,openIssues,35
CycloneDX,openIssues,61
CycloneDX,openIssues,1
CycloneDX,openIssues,38
CycloneDX,openIssues,4
CycloneDX,openIssues,8
CycloneDX,openIssues,57
CycloneDX,openIssues,79
CycloneDX,openIssues,2
CycloneDX,openIssues,3
CycloneDX,openIssues,25
CycloneDX,openIssues,7
CycloneDX,openIssues,364
CycloneDX,openIssues,26
CycloneDX,openIssues,29
CycloneDX,openIssues,1
CycloneDX,openIssues,2
CycloneDX,openIssues,2
CycloneDX,openIssues,1
CycloneDX,openIssues,154
CycloneDX,openIssues,42
CycloneDX,openIssues,0
CycloneDX,openIssues,61
CycloneDX,openIssues,68
CycloneDX,openIssues,4
CycloneDX,openIssues,4
CycloneDX,openIssues,9
CycloneDX,openIssues,9
CycloneDX,openIssues,0
CycloneDX,openIssues,17
CycloneDX,openIssues,0
CycloneDX,openIssues,1
CycloneDX,openIssues,0
CycloneDX,openIssues,0
CycloneDX,openIssues,1
CycloneDX,openIssues,9
CycloneDX,openIssues,43
CycloneDX,openIssues,25
CycloneDX,openIssues,0
CycloneDX,openIssues,17
CycloneDX,openIssues,0
CycloneDX,openIssues,20
CycloneDX,openIssues,22
CycloneDX,openIssues,17
CycloneDX,openIssues,0
CycloneDX,openIssues,0
CycloneDX,openIssues,22
CycloneDX,openIssues,81
CycloneDX,openIssues,16
CycloneDX,openIssues,18
CycloneDX,openIssues,8
CycloneDX,openIssues,9
CycloneDX,openIssues,3
CycloneDX,openIssues,2
CycloneDX,openIssues,11
CycloneDX,openIssues,33
CycloneDX,openIssues,8
CycloneDX,openIssues,20
CycloneDX,openIssues,9
CycloneDX,openIssues,17
CycloneDX,openIssues,2
CycloneDX,openIssues,89
CycloneDX,openIssues,0
CycloneDX,openIssues,8
CycloneDX,openIssues,29
CycloneDX,openIssues,98
CycloneDX,openIssues,3
CycloneDX,openIssues,4
CycloneDX,openIssues,73
CycloneDX,openIssues,14
CycloneDX,openIssues,26
CycloneDX,openIssues,0
CycloneDX,openIssues,6
CycloneDX,openIssues,7
CycloneDX,openIssues,4
CycloneDX,openIssues,60
CycloneDX,openIssues,1
CycloneDX,openIssues,6
CycloneDX,openIssues,18
CycloneDX,openIssues,6
CycloneDX,openIssues,1
CycloneDX,openIssues,7
CycloneDX,openIssues,18
CycloneDX,openIssues,5
CycloneDX,openIssues,4
CycloneDX,openIssues,15
CycloneDX,openIssues,5
CycloneDX,openIssues,1
CycloneDX,openIssues,13
CycloneDX,openIssues,9
CycloneDX,openIssues,57
CycloneDX,openIssues,1
CycloneDX,openIssues,1
CycloneDX,openIssues,1
CycloneDX,openIssues,3
CycloneDX,openIssues,6
CycloneDX,openIssues,0
CycloneDX,openIssues,18
CycloneDX,openIssues,0
CycloneDX,openIssues,1
CycloneDX,openIssues,14
CycloneDX,openIssues,0
CycloneDX,openIssues,35
CycloneDX,openIssues,18
CycloneDX,openIssues,0
CycloneDX,openIssues,20
CycloneDX,openIssues,48
CycloneDX,openIssues,0
CycloneDX,openIssues,1
CycloneDX,openIssues,43
CycloneDX,openIssues,2
CycloneDX,openIssues,0
CycloneDX,openIssues,7
CycloneDX,openIssues,0
CycloneDX,openIssues,5
CycloneDX,openIssues,5
CycloneDX,openIssues,5
CycloneDX,openIssues,16
CycloneDX,openIssues,3
CycloneDX,openIssues,1
CycloneDX,openIssues,6
CycloneDX,openIssues,3
CycloneDX,openIssues,5
CycloneDX,openIssues,8
CycloneDX,openIssues,0
CycloneDX,openIssues,3
CycloneDX,openIssues,0
CycloneDX,openIssues,2
CycloneDX,openIssues,2
CycloneDX,openIssues,0
CycloneDX,openIssues,1
CycloneDX,openIssues,0
CycloneDX,openIssues,1
CycloneDX,openIssues,1
CycloneDX,openIssues,15
CycloneDX,openIssues,2
CycloneDX,openIssues,0
CycloneDX,openIssues,1
CycloneDX,openIssues,0
CycloneDX,openIssues,1
CycloneDX,openIssues,4
CycloneDX,openIssues,0
CycloneDX,openIssues,11
CycloneDX,openIssues,1
CycloneDX,openIssues,6
CycloneDX,openIssues,1
CycloneDX,openIssues,7
CycloneDX,openIssues,11
CycloneDX,openIssues,3
CycloneDX,openIssues,11
CycloneDX,openIssues,5
CycloneDX,openIssues,0
CycloneDX,openIssues,5
CycloneDX,openIssues,0
CycloneDX,openIssues,7
CycloneDX,openIssues,0
CycloneDX,openIssues,0
CycloneDX,openIssues,0
CycloneDX,openIssues,0
CycloneDX,openIssues,7
CycloneDX,openIssues,25
CycloneDX,openIssues,3
CycloneDX,openIssues,20
CycloneDX,openIssues,34
CycloneDX,openIssues,1
CycloneDX,openIssues,0
CycloneDX,openIssues,1
CycloneDX,openIssues,0
CycloneDX,openIssues,3
CycloneDX,openIssues,1
CycloneDX,openIssues,1
CycloneDX,openIssues,1
CycloneDX,openIssues,0
CycloneDX,openIssues,4
CycloneDX,openIssues,2
CycloneDX,openIssues,1
CycloneDX,closedIssues,7221
CycloneDX,closedIssues,7306
CycloneDX,closedIssues,2055
CycloneDX,closedIssues,2253
CycloneDX,closedIssues,3293
CycloneDX,closedIssues,25693
CycloneDX,closedIssues,5199
CycloneDX,closedIssues,3524
CycloneDX,closedIssues,2942
CycloneDX,closedIssues,492
CycloneDX,closedIssues,462
CycloneDX,closedIssues,761
CycloneDX,closedIssues,439
CycloneDX,closedIssues,298
CycloneDX,closedIssues,1375
CycloneDX,closedIssues,92
CycloneDX,closedIssues,185
CycloneDX,closedIssues,573
CycloneDX,closedIssues,442
CycloneDX,closedIssues,1016
CycloneDX,closedIssues,273
CycloneDX,closedIssues,3821
CycloneDX,closedIssues,42
CycloneDX,closedIssues,279
CycloneDX,closedIssues,400
CycloneDX,closedIssues,790
CycloneDX,closedIssues,961
CycloneDX,closedIssues,641
CycloneDX,closedIssues,800
CycloneDX,closedIssues,79
CycloneDX,closedIssues,147
CycloneDX,closedIssues,21
CycloneDX,closedIssues,2426
CycloneDX,closedIssues,130
CycloneDX,closedIssues,99
CycloneDX,closedIssues,2099
CycloneDX,closedIssues,134
CycloneDX,closedIssues,165
CycloneDX,closedIssues,208
CycloneDX,closedIssues,473
CycloneDX,closedIssues,22
CycloneDX,closedIssues,539
CycloneDX,closedIssues,158
CycloneDX,closedIssues,135
CycloneDX,closedIssues,200
CycloneDX,closedIssues,927
CycloneDX,closedIssues,1710
CycloneDX,closedIssues,917
CycloneDX,closedIssues,386
CycloneDX,closedIssues,27
CycloneDX,closedIssues,261
CycloneDX,closedIssues,243
CycloneDX,closedIssues,318
CycloneDX,closedIssues,638
CycloneDX,closedIssues,462
CycloneDX,closedIssues,465
CycloneDX,closedIssues,92
CycloneDX,closedIssues,414
CycloneDX,closedIssues,6
CycloneDX,closedIssues,552
CycloneDX,closedIssues,1266
CycloneDX,closedIssues,65
CycloneDX,closedIssues,3
CycloneDX,closedIssues,12
CycloneDX,closedIssues,63
CycloneDX,closedIssues,229
CycloneDX,closedIssues,214
CycloneDX,closedIssues,8
CycloneDX,closedIssues,30
CycloneDX,closedIssues,126
CycloneDX,closedIssues,126
CycloneDX,closedIssues,33
CycloneDX,closedIssues,488
CycloneDX,closedIssues,45
CycloneDX,closedIssues,202
CycloneDX,closedIssues,33
CycloneDX,closedIssues,51
CycloneDX,closedIssues,60
CycloneDX,closedIssues,10
CycloneDX,closedIssues,13
CycloneDX,closedIssues,66
CycloneDX,closedIssues,48
CycloneDX,closedIssues,1
CycloneDX,closedIssues,20
CycloneDX,closedIssues,169
CycloneDX,closedIssues,81
CycloneDX,closedIssues,1207
CycloneDX,closedIssues,101
CycloneDX,closedIssues,120
CycloneDX,closedIssues,19
CycloneDX,closedIssues,13
CycloneDX,closedIssues,26
CycloneDX,closedIssues,113
CycloneDX,closedIssues,83
CycloneDX,closedIssues,81
CycloneDX,closedIssues,3
CycloneDX,closedIssues,85
CycloneDX,closedIssues,77
CycloneDX,closedIssues,85
CycloneDX,closedIssues,115
CycloneDX,closedIssues,48
CycloneDX,closedIssues,7
CycloneDX,closedIssues,3
CycloneDX,closedIssues,133
CycloneDX,closedIssues,98
CycloneDX,closedIssues,3
CycloneDX,closedIssues,20
CycloneDX,closedIssues,1
CycloneDX,closedIssues,3
CycloneDX,closedIssues,55
CycloneDX,closedIssues,63
CycloneDX,closedIssues,120
CycloneDX,closedIssues,3
CycloneDX,closedIssues,33
CycloneDX,closedIssues,0
CycloneDX,closedIssues,48
CycloneDX,closedIssues,383
CycloneDX,closedIssues,49
CycloneDX,closedIssues,0
CycloneDX,closedIssues,1
CycloneDX,closedIssues,19
CycloneDX,closedIssues,65
CycloneDX,closedIssues,66
CycloneDX,closedIssues,273
CycloneDX,closedIssues,192
CycloneDX,closedIssues,85
CycloneDX,closedIssues,37
CycloneDX,closedIssues,29
CycloneDX,closedIssues,7
CycloneDX,closedIssues,164
CycloneDX,closedIssues,5
CycloneDX,closedIssues,22
CycloneDX,closedIssues,155
CycloneDX,closedIssues,41
CycloneDX,closedIssues,5
CycloneDX,closedIssues,270
CycloneDX,closedIssues,28
CycloneDX,closedIssues,29
CycloneDX,closedIssues,543
CycloneDX,closedIssues,90
CycloneDX,closedIssues,60
CycloneDX,closedIssues,8
CycloneDX,closedIssues,48
CycloneDX,closedIssues,24
CycloneDX,closedIssues,263
CycloneDX,closedIssues,1
CycloneDX,closedIssues,31
CycloneDX,closedIssues,4
CycloneDX,closedIssues,0
CycloneDX,closedIssues,110
CycloneDX,closedIssues,85
CycloneDX,closedIssues,1
CycloneDX,closedIssues,3
CycloneDX,closedIssues,12
CycloneDX,closedIssues,0
CycloneDX,closedIssues,54
CycloneDX,closedIssues,13
CycloneDX,closedIssues,22
CycloneDX,closedIssues,1631
CycloneDX,closedIssues,17
CycloneDX,closedIssues,2
CycloneDX,closedIssues,19
CycloneDX,closedIssues,14
CycloneDX,closedIssues,78
CycloneDX,closedIssues,155
CycloneDX,closedIssues,2
CycloneDX,closedIssues,5
CycloneDX,closedIssues,13
CycloneDX,closedIssues,0
CycloneDX,closedIssues,44
CycloneDX,closedIssues,0
CycloneDX,closedIssues,13
CycloneDX,closedIssues,2
CycloneDX,closedIssues,25
CycloneDX,closedIssues,22
CycloneDX,closedIssues,1
CycloneDX,closedIssues,189
CycloneDX,closedIssues,0
CycloneDX,closedIssues,0
CycloneDX,closedIssues,9
CycloneDX,closedIssues,40
CycloneDX,closedIssues,38
CycloneDX,closedIssues,2
CycloneDX,closedIssues,113
CycloneDX,closedIssues,7
CycloneDX,closedIssues,0
CycloneDX,closedIssues,27
CycloneDX,closedIssues,0
CycloneDX,closedIssues,6
CycloneDX,closedIssues,0
CycloneDX,closedIssues,2
CycloneDX,closedIssues,20
CycloneDX,closedIssues,15
CycloneDX,closedIssues,304
CycloneDX,closedIssues,24
CycloneDX,closedIssues,225
CycloneDX,closedIssues,4
CycloneDX,closedIssues,4
CycloneDX,closedIssues,0
CycloneDX,closedIssues,5
CycloneDX,closedIssues,2
CycloneDX,closedIssues,7
CycloneDX,closedIssues,8
CycloneDX,closedIssues,12
CycloneDX,closedIssues,4
CycloneDX,closedIssues,6
CycloneDX,closedIssues,15
CycloneDX,closedIssues,0
CycloneDX,closedIssues,234
CycloneDX,closedIssues,123
CycloneDX,closedIssues,1
CycloneDX,closedIssues,8
CycloneDX,closedIssues,1
CycloneDX,closedIssues,4
CycloneDX,closedIssues,0
CycloneDX,closedIssues,3
CycloneDX,closedIssues,10
CycloneDX,closedIssues,9
CycloneDX,closedIssues,7
CycloneDX,closedIssues,1
CycloneDX,closedIssues,5
CycloneDX,closedIssues,20
CycloneDX,closedIssues,6
CycloneDX,closedIssues,39
CycloneDX,closedIssues,3
CycloneDX,closedIssues,1
CycloneDX,closedIssues,334
CycloneDX,closedIssues,0
CycloneDX,closedIssues,12
CycloneDX,closedIssues,19
CycloneDX,closedIssues,6
CycloneDX,closedIssues,6
CycloneDX,closedIssues,7
CycloneDX,closedIssues,0
CycloneDX,closedIssues,111
CycloneDX,closedIssues,34
CycloneDX,closedIssues,66
CycloneDX,closedIssues,31
CycloneDX,closedIssues,44
CycloneDX,closedIssues,0
CycloneDX,closedIssues,61
CycloneDX,closedIssues,0
CycloneDX,closedIssues,996
CycloneDX,closedIssues,0
CycloneDX,closedIssues,6
CycloneDX,closedIssues,5
CycloneDX,closedIssues,0
CycloneDX,closedIssues,5
CycloneDX,closedIssues,0
CycloneDX,closedIssues,0
CycloneDX,openPRs,207
CycloneDX,openPRs,169
CycloneDX,openPRs,27
CycloneDX,openPRs,241
CycloneDX,openPRs,14
CycloneDX,openPRs,4589
CycloneDX,openPRs,93
CycloneDX,openPRs,33
CycloneDX,openPRs,50
CycloneDX,openPRs,20
CycloneDX,openPRs,20
CycloneDX,openPRs,0
CycloneDX,openPRs,11
CycloneDX,openPRs,17
CycloneDX,openPRs,33
CycloneDX,openPRs,9
CycloneDX,openPRs,8
CycloneDX,openPRs,21
CycloneDX,openPRs,86
CycloneDX,openPRs,4
CycloneDX,openPRs,6
CycloneDX,openPRs,62
CycloneDX,openPRs,68
CycloneDX,openPRs,4
CycloneDX,openPRs,12
CycloneDX,openPRs,456
CycloneDX,openPRs,18
CycloneDX,openPRs,12
CycloneDX,openPRs,40
CycloneDX,openPRs,4
CycloneDX,openPRs,1
CycloneDX,openPRs,0
CycloneDX,openPRs,13
CycloneDX,openPRs,9
CycloneDX,openPRs,4
CycloneDX,openPRs,41
CycloneDX,openPRs,22
CycloneDX,openPRs,0
CycloneDX,openPRs,15
CycloneDX,openPRs,2
CycloneDX,openPRs,0
CycloneDX,openPRs,12
CycloneDX,openPRs,20
CycloneDX,openPRs,8
CycloneDX,openPRs,3
CycloneDX,openPRs,5
CycloneDX,openPRs,3
CycloneDX,openPRs,34
CycloneDX,openPRs,2
CycloneDX,openPRs,0
CycloneDX,openPRs,13
CycloneDX,openPRs,14
CycloneDX,openPRs,9
CycloneDX,openPRs,6
CycloneDX,openPRs,58
CycloneDX,openPRs,18
CycloneDX,openPRs,19
CycloneDX,openPRs,1
CycloneDX,openPRs,0
CycloneDX,openPRs,7
CycloneDX,openPRs,31
CycloneDX,openPRs,1
CycloneDX,openPRs,0
CycloneDX,openPRs,0
CycloneDX,openPRs,7
CycloneDX,openPRs,7
CycloneDX,openPRs,1
CycloneDX,openPRs,11
CycloneDX,openPRs,2
CycloneDX,openPRs,8
CycloneDX,openPRs,0
CycloneDX,openPRs,2
CycloneDX,openPRs,2
CycloneDX,openPRs,2
CycloneDX,openPRs,15
CycloneDX,openPRs,9
CycloneDX,openPRs,0
CycloneDX,openPRs,19
CycloneDX,openPRs,5
CycloneDX,openPRs,2
CycloneDX,openPRs,1
CycloneDX,openPRs,21
CycloneDX,openPRs,4
CycloneDX,openPRs,2
CycloneDX,openPRs,5
CycloneDX,openPRs,17
CycloneDX,openPRs,11
CycloneDX,openPRs,19
CycloneDX,openPRs,9
CycloneDX,openPRs,1
CycloneDX,openPRs,0
CycloneDX,openPRs,0
CycloneDX,openPRs,5
CycloneDX,openPRs,6
CycloneDX,openPRs,3
CycloneDX,openPRs,16
CycloneDX,openPRs,28
CycloneDX,openPRs,10
CycloneDX,openPRs,6
CycloneDX,openPRs,0
CycloneDX,openPRs,9
CycloneDX,openPRs,1
CycloneDX,openPRs,0
CycloneDX,openPRs,2
CycloneDX,openPRs,0
CycloneDX,openPRs,0
CycloneDX,openPRs,0
CycloneDX,openPRs,3
CycloneDX,openPRs,0
CycloneDX,openPRs,12
CycloneDX,openPRs,9
CycloneDX,openPRs,0
CycloneDX,openPRs,0
CycloneDX,openPRs,2
CycloneDX,openPRs,7
CycloneDX,openPRs,3
CycloneDX,openPRs,2
CycloneDX,openPRs,2
CycloneDX,openPRs,2
CycloneDX,openPRs,10
CycloneDX,openPRs,8
CycloneDX,openPRs,17
CycloneDX,openPRs,14
CycloneDX,openPRs,18
CycloneDX,openPRs,2
CycloneDX,openPRs,5
CycloneDX,openPRs,4
CycloneDX,openPRs,1
CycloneDX,openPRs,2
CycloneDX,openPRs,5
CycloneDX,openPRs,0
CycloneDX,openPRs,2
CycloneDX,openPRs,0
CycloneDX,openPRs,1
CycloneDX,openPRs,0
CycloneDX,openPRs,17
CycloneDX,openPRs,0
CycloneDX,openPRs,0
CycloneDX,openPRs,59
CycloneDX,openPRs,41
CycloneDX,openPRs,6
CycloneDX,openPRs,12
CycloneDX,openPRs,8
CycloneDX,openPRs,0
CycloneDX,openPRs,17
CycloneDX,openPRs,0
CycloneDX,openPRs,1
CycloneDX,openPRs,4
CycloneDX,openPRs,14
CycloneDX,openPRs,1
CycloneDX,openPRs,1
CycloneDX,openPRs,0
CycloneDX,openPRs,5
CycloneDX,openPRs,6
CycloneDX,openPRs,0
CycloneDX,openPRs,5
CycloneDX,openPRs,8
CycloneDX,openPRs,2
CycloneDX,openPRs,4
CycloneDX,openPRs,1
CycloneDX,openPRs,3
CycloneDX,openPRs,4
CycloneDX,openPRs,0
CycloneDX,openPRs,3
CycloneDX,openPRs,2
CycloneDX,openPRs,0
CycloneDX,openPRs,0
CycloneDX,openPRs,0
CycloneDX,openPRs,0
CycloneDX,openPRs,0
CycloneDX,openPRs,0
CycloneDX,openPRs,6
CycloneDX,openPRs,3
CycloneDX,openPRs,0
CycloneDX,openPRs,0
CycloneDX,openPRs,0
CycloneDX,openPRs,0
CycloneDX,openPRs,0
CycloneDX,openPRs,0
CycloneDX,openPRs,17
CycloneDX,openPRs,15
CycloneDX,openPRs,0
CycloneDX,openPRs,0
CycloneDX,openPRs,0
CycloneDX,openPRs,5
CycloneDX,openPRs,0
CycloneDX,openPRs,2
CycloneDX,openPRs,0
CycloneDX,openPRs,7
CycloneDX,openPRs,0
CycloneDX,openPRs,1
CycloneDX,openPRs,15
CycloneDX,openPRs,3
CycloneDX,openPRs,1
CycloneDX,openPRs,2
CycloneDX,openPRs,1
CycloneDX,openPRs,2
CycloneDX,openPRs,1
CycloneDX,openPRs,0
CycloneDX,openPRs,4
CycloneDX,openPRs,9
CycloneDX,openPRs,0
CycloneDX,openPRs,13
CycloneDX,openPRs,0
CycloneDX,openPRs,0
CycloneDX,openPRs,0
CycloneDX,openPRs,0
CycloneDX,openPRs,2
CycloneDX,openPRs,5
CycloneDX,openPRs,17
CycloneDX,openPRs,2
CycloneDX,openPRs,1
CycloneDX,openPRs,0
CycloneDX,openPRs,1
CycloneDX,openPRs,1
CycloneDX,openPRs,5
CycloneDX,openPRs,4
CycloneDX,openPRs,0
CycloneDX,openPRs,0
CycloneDX,openPRs,4
CycloneDX,openPRs,7
CycloneDX,openPRs,5
CycloneDX,openPRs,0
CycloneDX,openPRs,2
CycloneDX,openPRs,0
CycloneDX,openPRs,0
CycloneDX,openPRs,20
CycloneDX,openPRs,7
CycloneDX,openPRs,7
CycloneDX,openPRs,0
CycloneDX,openPRs,0
CycloneDX,openPRs,0
CycloneDX,openPRs,0
CycloneDX,openPRs,0
CycloneDX,openPRs,2
CycloneDX,openPRs,9
CycloneDX,openPRs,1
CycloneDX,openPRs,3
CycloneDX,openPRs,3
CycloneDX,openPRs,0
CycloneDX,openPRs,1
CycloneDX,openPRs,0
CycloneDX,openPRs,15
CycloneDX,openPRs,0
CycloneDX,openPRs,5
CycloneDX,openPRs,1
CycloneDX,openPRs,0
CycloneDX,openPRs,1
CycloneDX,openPRs,2
CycloneDX,openPRs,11
CycloneDX,closedPRs,56365
CycloneDX,closedPRs,22884
CycloneDX,closedPRs,2184
CycloneDX,closedPRs,2253
CycloneDX,closedPRs,5102
CycloneDX,closedPRs,219059
CycloneDX,closedPRs,140539
CycloneDX,closedPRs,7331
CycloneDX,closedPRs,3013
CycloneDX,closedPRs,1174
CycloneDX,closedPRs,359
CycloneDX,closedPRs,1318
CycloneDX,closedPRs,844
CycloneDX,closedPRs,787
CycloneDX,closedPRs,4065
CycloneDX,closedPRs,381
CycloneDX,closedPRs,3890
CycloneDX,closedPRs,1311
CycloneDX,closedPRs,4215
CycloneDX,closedPRs,5441
CycloneDX,closedPRs,226
CycloneDX,closedPRs,4475
CycloneDX,closedPRs,42
CycloneDX,closedPRs,560
CycloneDX,closedPRs,2789
CycloneDX,closedPRs,17783
CycloneDX,closedPRs,959
CycloneDX,closedPRs,2237
CycloneDX,closedPRs,6420
CycloneDX,closedPRs,241
CycloneDX,closedPRs,307
CycloneDX,closedPRs,4
CycloneDX,closedPRs,2581
CycloneDX,closedPRs,490
CycloneDX,closedPRs,389
CycloneDX,closedPRs,6124
CycloneDX,closedPRs,309
CycloneDX,closedPRs,597
CycloneDX,closedPRs,994
CycloneDX,closedPRs,707
CycloneDX,closedPRs,48
CycloneDX,closedPRs,2168
CycloneDX,closedPRs,158
CycloneDX,closedPRs,691
CycloneDX,closedPRs,426
CycloneDX,closedPRs,227
CycloneDX,closedPRs,2892
CycloneDX,closedPRs,3624
CycloneDX,closedPRs,985
CycloneDX,closedPRs,60
CycloneDX,closedPRs,891
CycloneDX,closedPRs,935
CycloneDX,closedPRs,940
CycloneDX,closedPRs,1124
CycloneDX,closedPRs,5347
CycloneDX,closedPRs,1296
CycloneDX,closedPRs,27
CycloneDX,closedPRs,3854
CycloneDX,closedPRs,315
CycloneDX,closedPRs,2654
CycloneDX,closedPRs,1266
CycloneDX,closedPRs,238
CycloneDX,closedPRs,1
CycloneDX,closedPRs,12
CycloneDX,closedPRs,89
CycloneDX,closedPRs,313
CycloneDX,closedPRs,206
CycloneDX,closedPRs,477
CycloneDX,closedPRs,84
CycloneDX,closedPRs,97
CycloneDX,closedPRs,15
CycloneDX,closedPRs,249
CycloneDX,closedPRs,872
CycloneDX,closedPRs,432
CycloneDX,closedPRs,678
CycloneDX,closedPRs,729
CycloneDX,closedPRs,21
CycloneDX,closedPRs,597
CycloneDX,closedPRs,103
CycloneDX,closedPRs,160
CycloneDX,closedPRs,236
CycloneDX,closedPRs,196
CycloneDX,closedPRs,78
CycloneDX,closedPRs,19
CycloneDX,closedPRs,347
CycloneDX,closedPRs,205
CycloneDX,closedPRs,960
CycloneDX,closedPRs,430
CycloneDX,closedPRs,357
CycloneDX,closedPRs,19
CycloneDX,closedPRs,14
CycloneDX,closedPRs,14
CycloneDX,closedPRs,121
CycloneDX,closedPRs,515
CycloneDX,closedPRs,52
CycloneDX,closedPRs,262
CycloneDX,closedPRs,588
CycloneDX,closedPRs,370
CycloneDX,closedPRs,216
CycloneDX,closedPRs,47
CycloneDX,closedPRs,165
CycloneDX,closedPRs,24
CycloneDX,closedPRs,1
CycloneDX,closedPRs,444
CycloneDX,closedPRs,251
CycloneDX,closedPRs,0
CycloneDX,closedPRs,209
CycloneDX,closedPRs,40
CycloneDX,closedPRs,1
CycloneDX,closedPRs,290
CycloneDX,closedPRs,954
CycloneDX,closedPRs,104
CycloneDX,closedPRs,1051
CycloneDX,closedPRs,182
CycloneDX,closedPRs,101
CycloneDX,closedPRs,71
CycloneDX,closedPRs,827
CycloneDX,closedPRs,114
CycloneDX,closedPRs,161
CycloneDX,closedPRs,102
CycloneDX,closedPRs,70
CycloneDX,closedPRs,314
CycloneDX,closedPRs,513
CycloneDX,closedPRs,273
CycloneDX,closedPRs,1035
CycloneDX,closedPRs,1174
CycloneDX,closedPRs,82
CycloneDX,closedPRs,14
CycloneDX,closedPRs,24
CycloneDX,closedPRs,734
CycloneDX,closedPRs,0
CycloneDX,closedPRs,67
CycloneDX,closedPRs,26
CycloneDX,closedPRs,70
CycloneDX,closedPRs,29
CycloneDX,closedPRs,652
CycloneDX,closedPRs,0
CycloneDX,closedPRs,31
CycloneDX,closedPRs,15105
CycloneDX,closedPRs,371
CycloneDX,closedPRs,157
CycloneDX,closedPRs,354
CycloneDX,closedPRs,581
CycloneDX,closedPRs,163
CycloneDX,closedPRs,440
CycloneDX,closedPRs,1
CycloneDX,closedPRs,124
CycloneDX,closedPRs,28
CycloneDX,closedPRs,3
CycloneDX,closedPRs,155
CycloneDX,closedPRs,85
CycloneDX,closedPRs,4
CycloneDX,closedPRs,170
CycloneDX,closedPRs,99
CycloneDX,closedPRs,3
CycloneDX,closedPRs,325
CycloneDX,closedPRs,141
CycloneDX,closedPRs,33
CycloneDX,closedPRs,1631
CycloneDX,closedPRs,1
CycloneDX,closedPRs,39
CycloneDX,closedPRs,1147
CycloneDX,closedPRs,32
CycloneDX,closedPRs,431
CycloneDX,closedPRs,335
CycloneDX,closedPRs,258
CycloneDX,closedPRs,6
CycloneDX,closedPRs,6
CycloneDX,closedPRs,4
CycloneDX,closedPRs,54
CycloneDX,closedPRs,2
CycloneDX,closedPRs,169
CycloneDX,closedPRs,11
CycloneDX,closedPRs,3
CycloneDX,closedPRs,0
CycloneDX,closedPRs,13
CycloneDX,closedPRs,10
CycloneDX,closedPRs,0
CycloneDX,closedPRs,0
CycloneDX,closedPRs,926
CycloneDX,closedPRs,763
CycloneDX,closedPRs,38
CycloneDX,closedPRs,9
CycloneDX,closedPRs,670
CycloneDX,closedPRs,14
CycloneDX,closedPRs,23
CycloneDX,closedPRs,34
CycloneDX,closedPRs,0
CycloneDX,closedPRs,51
CycloneDX,closedPRs,0
CycloneDX,closedPRs,157
CycloneDX,closedPRs,197
CycloneDX,closedPRs,48
CycloneDX,closedPRs,304
CycloneDX,closedPRs,225
CycloneDX,closedPRs,258
CycloneDX,closedPRs,13
CycloneDX,closedPRs,89
CycloneDX,closedPRs,62
CycloneDX,closedPRs,15
CycloneDX,closedPRs,76
CycloneDX,closedPRs,66
CycloneDX,closedPRs,133
CycloneDX,closedPRs,158
CycloneDX,closedPRs,0
CycloneDX,closedPRs,0
CycloneDX,closedPRs,10
CycloneDX,closedPRs,26
CycloneDX,closedPRs,153
CycloneDX,closedPRs,279
CycloneDX,closedPRs,0
CycloneDX,closedPRs,10
CycloneDX,closedPRs,6
CycloneDX,closedPRs,80
CycloneDX,closedPRs,13
CycloneDX,closedPRs,2
CycloneDX,closedPRs,45
CycloneDX,closedPRs,287
CycloneDX,closedPRs,19
CycloneDX,closedPRs,166
CycloneDX,closedPRs,107
CycloneDX,closedPRs,67
CycloneDX,closedPRs,0
CycloneDX,closedPRs,123
CycloneDX,closedPRs,4
CycloneDX,closedPRs,1
CycloneDX,closedPRs,907
CycloneDX,closedPRs,67
CycloneDX,closedPRs,78
CycloneDX,closedPRs,19
CycloneDX,closedPRs,87
CycloneDX,closedPRs,17
CycloneDX,closedPRs,42
CycloneDX,closedPRs,4
CycloneDX,closedPRs,444
CycloneDX,closedPRs,276
CycloneDX,closedPRs,150
CycloneDX,closedPRs,75
CycloneDX,closedPRs,43
CycloneDX,closedPRs,0
CycloneDX,closedPRs,36
CycloneDX,closedPRs,5
CycloneDX,closedPRs,6401
CycloneDX,closedPRs,0
CycloneDX,closedPRs,84
CycloneDX,closedPRs,85
CycloneDX,closedPRs,0
CycloneDX,closedPRs,6
CycloneDX,closedPRs,0
CycloneDX,closedPRs,35
CycloneDX,commits,84804
CycloneDX,commits,21547
CycloneDX,commits,2364
CycloneDX,commits,419210
CycloneDX,commits,8787
CycloneDX,commits,529360
CycloneDX,commits,406640
CycloneDX,commits,17797
CycloneDX,commits,8047
CycloneDX,commits,1377
CycloneDX,commits,2143
CycloneDX,commits,19304
CycloneDX,commits,1036
CycloneDX,commits,776
CycloneDX,commits,14980
CycloneDX,commits,337
CycloneDX,commits,5079
CycloneDX,commits,1625
CycloneDX,commits,6437
CycloneDX,commits,5331
CycloneDX,commits,1038
CycloneDX,commits,7219
CycloneDX,commits,83819
CycloneDX,commits,922
CycloneDX,commits,3072
CycloneDX,commits,15033
CycloneDX,commits,3992
CycloneDX,commits,2575
CycloneDX,commits,13942
CycloneDX,commits,277
CycloneDX,commits,1399
CycloneDX,commits,484
CycloneDX,commits,43522
CycloneDX,commits,1237
CycloneDX,commits,322
CycloneDX,commits,9071
CycloneDX,commits,3814
CycloneDX,commits,3573
CycloneDX,commits,962
CycloneDX,commits,1101
CycloneDX,commits,307
CycloneDX,commits,2351
CycloneDX,commits,634762
CycloneDX,commits,1678
CycloneDX,commits,525
CycloneDX,commits,2136
CycloneDX,commits,5920
CycloneDX,commits,4652
CycloneDX,commits,925
CycloneDX,commits,60
CycloneDX,commits,1058
CycloneDX,commits,2358
CycloneDX,commits,1746
CycloneDX,commits,1432
CycloneDX,commits,10865
CycloneDX,commits,2285
CycloneDX,commits,215
CycloneDX,commits,1681
CycloneDX,commits,1030
CycloneDX,commits,5706
CycloneDX,commits,1236322
CycloneDX,commits,271
CycloneDX,commits,396
CycloneDX,commits,3124
CycloneDX,commits,60
CycloneDX,commits,594
CycloneDX,commits,953
CycloneDX,commits,1906
CycloneDX,commits,386027
CycloneDX,commits,627
CycloneDX,commits,1760
CycloneDX,commits,1263
CycloneDX,commits,775
CycloneDX,commits,483
CycloneDX,commits,713
CycloneDX,commits,1374
CycloneDX,commits,123
CycloneDX,commits,14797
CycloneDX,commits,1106
CycloneDX,commits,168
CycloneDX,commits,223
CycloneDX,commits,392
CycloneDX,commits,147
CycloneDX,commits,116
CycloneDX,commits,595
CycloneDX,commits,961
CycloneDX,commits,3477
CycloneDX,commits,538
CycloneDX,commits,688
CycloneDX,commits,169
CycloneDX,commits,1023
CycloneDX,commits,720
CycloneDX,commits,226
CycloneDX,commits,2930
CycloneDX,commits,601
CycloneDX,commits,308
CycloneDX,commits,857
CycloneDX,commits,906
CycloneDX,commits,445
CycloneDX,commits,26176
CycloneDX,commits,406
CycloneDX,commits,116
CycloneDX,commits,26
CycloneDX,commits,465
CycloneDX,commits,484
CycloneDX,commits,67
CycloneDX,commits,413
CycloneDX,commits,215
CycloneDX,commits,79
CycloneDX,commits,588
CycloneDX,commits,3114
CycloneDX,commits,232
CycloneDX,commits,2403
CycloneDX,commits,836
CycloneDX,commits,368
CycloneDX,commits,509
CycloneDX,commits,844
CycloneDX,commits,249
CycloneDX,commits,159
CycloneDX,commits,376
CycloneDX,commits,195
CycloneDX,commits,271
CycloneDX,commits,1696
CycloneDX,commits,488
CycloneDX,commits,902
CycloneDX,commits,645
CycloneDX,commits,210
CycloneDX,commits,1224
CycloneDX,commits,114
CycloneDX,commits,1489
CycloneDX,commits,76
CycloneDX,commits,304
CycloneDX,commits,66959
CycloneDX,commits,3850
CycloneDX,commits,183
CycloneDX,commits,1609
CycloneDX,commits,283
CycloneDX,commits,116
CycloneDX,commits,18212
CycloneDX,commits,1338
CycloneDX,commits,188
CycloneDX,commits,231
CycloneDX,commits,509
CycloneDX,commits,599
CycloneDX,commits,2288
CycloneDX,commits,109
CycloneDX,commits,169
CycloneDX,commits,176
CycloneDX,commits,609
CycloneDX,commits,1132
CycloneDX,commits,634668
CycloneDX,commits,11
CycloneDX,commits,232
CycloneDX,commits,223
CycloneDX,commits,74
CycloneDX,commits,216
CycloneDX,commits,598
CycloneDX,commits,276
CycloneDX,commits,814
CycloneDX,commits,10426
CycloneDX,commits,331
CycloneDX,commits,1759
CycloneDX,commits,251
CycloneDX,commits,570
CycloneDX,commits,1570
CycloneDX,commits,1401
CycloneDX,commits,628
CycloneDX,commits,50
CycloneDX,commits,64
CycloneDX,commits,270
CycloneDX,commits,45
CycloneDX,commits,1314
CycloneDX,commits,47
CycloneDX,commits,387
CycloneDX,commits,657
CycloneDX,commits,63
CycloneDX,commits,647
CycloneDX,commits,1621
CycloneDX,commits,116540
CycloneDX,commits,2198
CycloneDX,commits,414
CycloneDX,commits,1199202
CycloneDX,commits,889
CycloneDX,commits,1237
CycloneDX,commits,9
CycloneDX,commits,11676
CycloneDX,commits,192
CycloneDX,commits,164
CycloneDX,commits,124
CycloneDX,commits,2
CycloneDX,commits,832
CycloneDX,commits,575
CycloneDX,commits,160
CycloneDX,commits,1616
CycloneDX,commits,301
CycloneDX,commits,1350
CycloneDX,commits,29
CycloneDX,commits,193
CycloneDX,commits,69
CycloneDX,commits,32
CycloneDX,commits,178
CycloneDX,commits,165
CycloneDX,commits,552
CycloneDX,commits,506
CycloneDX,commits,343
CycloneDX,commits,16
CycloneDX,commits,218
CycloneDX,commits,35
CycloneDX,commits,261
CycloneDX,commits,1541
CycloneDX,commits,70
CycloneDX,commits,55
CycloneDX,commits,73
CycloneDX,commits,229
CycloneDX,commits,48
CycloneDX,commits,10
CycloneDX,commits,108
CycloneDX,commits,404
CycloneDX,commits,98
CycloneDX,commits,401
CycloneDX,commits,146
CycloneDX,commits,1274
CycloneDX,commits,24999
CycloneDX,commits,361
CycloneDX,commits,49
CycloneDX,commits,128
CycloneDX,commits,5077
CycloneDX,commits,36
CycloneDX,commits,150
CycloneDX,commits,746
CycloneDX,commits,224
CycloneDX,commits,20
CycloneDX,commits,101
CycloneDX,commits,63
CycloneDX,commits,1138
CycloneDX,commits,268
CycloneDX,commits,572
CycloneDX,commits,397
CycloneDX,commits,85
CycloneDX,commits,1032
CycloneDX,commits,138
CycloneDX,commits,70
CycloneDX,commits,7388
CycloneDX,commits,2281
CycloneDX,commits,186
CycloneDX,commits,473
CycloneDX,commits,51
CycloneDX,commits,71
CycloneDX,commits,8335
CycloneDX,commits,55